{
  "baseline": {
    "map50": 0.40200622974841504,
    "map": 0.23701177919437233,
    "precision": 0.517039020538846,
    "recall": 0.39518843909841195,
    "f1_score": 0.44797564756704017,
    "inference_speed": 0
  },
  "ema": {
    "map50": 0.40200622974841504,
    "map": 0.23701177919437233,
    "precision": 0.517039020538846,
    "recall": 0.39518843909841195,
    "f1_score": 0.44797564756704017,
    "inference_speed": 0
  },
  "bifpn": {
    "map50": 0.40200622974841504,
    "map": 0.23701177919437233,
    "precision": 0.517039020538846,
    "recall": 0.39518843909841195,
    "f1_score": 0.44797564756704017,
    "inference_speed": 0
  },
  "full": {
    "map50": 0.40200622974841504,
    "map": 0.23701177919437233,
    "precision": 0.517039020538846,
    "recall": 0.39518843909841195,
    "f1_score": 0.44797564756704017,
    "inference_speed": 0
  }
}